filename,car,bicycle,motorcycle
car_v(4).jpg,1,0,0
car_t(17).jpg,1,0,0
car_bicycle_t6.jpg,1,1,0
motorcycle_t(53).jpg,0,0,1
bicycle_t(57).jpg,0,1,0
bicycle_t(17).jpg,0,1,0
bicycle_t(52).jpg,0,1,0
car_t(47).jpg,1,0,0
motorcycle_t(2).jpg,0,0,1
motorcycle_t(49).jpg,0,0,1
bicycle_v(5).jpg,0,1,0
car_v(9).jpg,1,0,0
bicycle_t(37).jpg,0,1,0
car_t(41).jpg,1,0,0
car_motorcycle_t6.jpg,1,0,1
motorcycle_t(51).jpg,0,0,1
bicycle_v(16).jpg,0,1,0
car_t(2).jpg,1,0,0
car_v(6).jpg,1,0,0
car_t(36).jpg,1,0,0
car_t(9).jpg,1,0,0
car_bicycle_t2.jpg,1,1,0
car_t(26).jpg,1,0,0
car_t(50).jpg,1,0,0
bicycle_v(7).jpg,0,1,0
motorcycle_t(59).jpg,0,0,1
car_t(20).jpg,1,0,0
car_t(42).jpg,1,0,0
bicycle_t(9).jpg,0,1,0
bicycle_motorcycle_v3.jpg,0,1,1
car_t(25).jpg,1,0,0
motorcycle_v(6).jpg,0,0,1
motorcycle_t(21).jpg,0,0,1
car_t(32).jpg,1,0,0
car_t(28).jpg,1,0,0
motorcycle_v(15).jpg,0,0,1
car_bicycle_t7.jpg,1,1,0
bicycle_t(29).jpg,0,1,0
motorcycle_t(20).jpg,0,0,1
car_v(2).jpg,1,0,0
motorcycle_t(56).jpg,0,0,1
car_motorcycle_t3.jpg,1,0,1
bicycle_motorcycle_v6.jpg,0,1,1
bicycle_t(53).jpg,0,1,0
car_t(39).jpg,1,0,0
car_v(17).jpg,1,0,0
car_t(27).jpg,1,0,0
bicycle_t(61).jpg,0,1,0
car_v(3).jpg,1,0,0
bicycle_v(8).jpg,0,1,0
motorcycle_t(47).jpg,0,0,1
car_t(56).jpg,1,0,0
bicycle_t(30).jpg,0,1,0
bicycle_t(13).jpg,0,1,0
bicycle_t(34).jpg,0,1,0
bicycle_t(28).jpg,0,1,0
bicycle_t(40).jpg,0,1,0
car_t(53).jpg,1,0,0
car_t(10).jpg,1,0,0
car_t(21).jpg,1,0,0
bicycle_t(22).jpg,0,1,0
car_t(43).jpg,1,0,0
car_bicycle_t3.jpg,1,1,0
car_v(5).jpg,1,0,0
motorcycle_v(3).jpg,0,0,1
bicycle_t(49).jpg,0,1,0
car_t(14).jpg,1,0,0
car_v(8).jpg,1,0,0
car_bicycle_t5.jpg,1,1,0
motorcycle_t(43).jpg,0,0,1
motorcycle_t(33).jpg,0,0,1
bicycle_v(15).jpg,0,1,0
car_t(7).jpg,1,0,0
bicycle_t(4).jpg,0,1,0
motorcycle_t(23).jpg,0,0,1
car_t(6).jpg,1,0,0
bicycle_t(26).jpg,0,1,0
motorcycle_v(4).jpg,0,0,1
car_t(46).jpg,1,0,0
bicycle_motorcycle_v.jpg,0,1,1
motorcycle_t(34).jpg,0,0,1
car_motorcycle_t2.jpg,1,0,1
motorcycle_t(14).jpg,0,0,1
motorcycle_t(10).jpg,0,0,1
car_bicycle_t8.jpg,1,1,0
bicycle_t(35).jpg,0,1,0
bicycle_t(58).jpg,0,1,0
car_v(14).jpg,1,0,0
motorcycle_t(8).jpg,0,0,1
bicycle_t(12).jpg,0,1,0
motorcycle_v(7).jpg,0,0,1
motorcycle_v(2).jpg,0,0,1
bicycle_t(27).jpg,0,1,0
car_t(61).jpg,1,0,0
bicycle_motorcycle_v5.jpg,0,1,1
car_t(23).jpg,1,0,0
bicycle_t(31).jpg,0,1,0
car_t(52).jpg,1,0,0
motorcycle_t(39).jpg,0,0,1
car_t(38).jpg,1,0,0
bicycle_t(59).jpg,0,1,0
car_t(35).jpg,1,0,0
car_t(29).jpg,1,0,0
motorcycle_t(60).jpg,0,0,1
motorcycle_t(24).jpg,0,0,1
bicycle_v(1).jpg,0,1,0
motorcycle_t(27).jpg,0,0,1
bicycle_t(60).jpg,0,1,0
bicycle_t(42).jpg,0,1,0
car_v(13).jpg,1,0,0
car_t(54).jpg,1,0,0
bicycle_t(39).jpg,0,1,0
car_t(24).jpg,1,0,0
car_t(51).jpg,1,0,0
bicycle_t(23).jpg,0,1,0
motorcycle_t(22).jpg,0,0,1
motorcycle_t(19).jpg,0,0,1
bicycle_v(4).jpg,0,1,0
bicycle_t(38).jpg,0,1,0
motorcycle_t(42).jpg,0,0,1
bicycle_t(45).jpg,0,1,0
car_bicycle_t4.jpg,1,1,0
motorcycle_v(14).jpg,0,0,1
car_t(59).jpg,1,0,0
bicycle_t(41).jpg,0,1,0
car_t(44).jpg,1,0,0
car_v(7).jpg,1,0,0
bicycle_motorcycle_v4.jpg,0,1,1
car_motorcycle_t7.jpg,1,0,1
bicycle_t(50).jpg,0,1,0
car_t(33).jpg,1,0,0
motorcycle_t(61).jpg,0,0,1
motorcycle_t(28).jpg,0,0,1
motorcycle_v(10).jpg,0,0,1
bicycle_t(47).jpg,0,1,0
car_t(60).jpg,1,0,0
bicycle_v(3).jpg,0,1,0
bicycle_t(33).jpg,0,1,0
motorcycle_t(48).jpg,0,0,1
bicycle_motorcycle_v8.jpg,0,1,1
car_v(12).jpg,1,0,0
motorcycle_t(44).jpg,0,0,1
car_t(12).jpg,1,0,0
car_bicycle_t.jpg,1,1,0
bicycle_v(6).jpg,0,1,0
motorcycle_t(57).jpg,0,0,1
motorcycle_t(7).jpg,0,0,1
car_bicycle_motorcycle_t3.jpg,1,1,1
bicycle_t(1).jpg,0,1,0
bicycle_t(14).jpg,0,1,0
bicycle_t(56).jpg,0,1,0
motorcycle_t(5).jpg,0,0,1
car_t(31).jpg,1,0,0
bicycle_t(18).jpg,0,1,0
car_t(8).jpg,1,0,0
bicycle_v(11).jpg,0,1,0
motorcycle_t(54).jpg,0,0,1
car_t(34).jpg,1,0,0
motorcycle_t(38).jpg,0,0,1
motorcycle_t(9).jpg,0,0,1
bicycle_t(6).jpg,0,1,0
bicycle_t(51).jpg,0,1,0
car_t(1).jpg,1,0,0
bicycle_t(48).jpg,0,1,0
motorcycle_t(45).jpg,0,0,1
car_v(15).jpg,1,0,0
motorcycle_t(41).jpg,0,0,1
motorcycle_t(13).jpg,0,0,1
bicycle_t(15).jpg,0,1,0
motorcycle_t(3).jpg,0,0,1
motorcycle_t(6).jpg,0,0,1
motorcycle_t(40).jpg,0,0,1
car_v(10).jpg,1,0,0
bicycle_t(55).jpg,0,1,0
motorcycle_t(4).jpg,0,0,1
bicycle_t(46).jpg,0,1,0
car_bicycle_motorcycle_t2.jpg,1,1,1
bicycle_t(21).jpg,0,1,0
bicycle_t(54).jpg,0,1,0
motorcycle_t(26).jpg,0,0,1
car_t(58).jpg,1,0,0
motorcycle_v(5).jpg,0,0,1
motorcycle_t(11).jpg,0,0,1
motorcycle_t(15).jpg,0,0,1
car_t(3).jpg,1,0,0
bicycle_t(36).jpg,0,1,0
car_t(55).jpg,1,0,0
motorcycle_t(55).jpg,0,0,1
motorcycle_v(13).jpg,0,0,1
bicycle_motorcycle_v2.jpg,0,1,1
bicycle_t(5).jpg,0,1,0
car_t(48).jpg,1,0,0
car_t(30).jpg,1,0,0
car_t(5).jpg,1,0,0
car_motorcycle_t5.jpg,1,0,1
car_motorcycle_t.jpg,1,0,1
car_t(18).jpg,1,0,0
car_bicycle_motorcycle_t.jpg,1,1,1
motorcycle_t(25).jpg,0,0,1
bicycle_v(13).jpg,0,1,0
motorcycle_t(36).jpg,0,0,1
motorcycle_t(32).jpg,0,0,1
car_t(22).jpg,1,0,0
motorcycle_v(9).jpg,0,0,1
bicycle_t(20).jpg,0,1,0
motorcycle_t(12).jpg,0,0,1
bicycle_v(10).jpg,0,1,0
car_motorcycle_t8.jpg,1,0,1
car_motorcycle_t4.jpg,1,0,1
